what are the banking services?,all_banking_services
finance options,all_banking_services
what are the banking services,all_banking_services
banks,all_banking_services
banking issues,all_banking_services
what are the banking options?,all_banking_services
banking,all_banking_services
what are the banking services available?,all_banking_services
banking options,all_banking_services
banking services,all_banking_services
what are my banking options?,all_banking_services
financial services,all_banking_services
financial,all_banking_services
loan options,all_loan
loaning services,all_loan
what are the options available for loans?,all_loan
options loan?,all_loan
what are the loan options?,all_loan
loan,all_loan
what are the loan services?,all_loan
loan services,all_loan
I would like to know about loan relief for covid,all_loan
What are my loan options?,all_loan
Do you have loan relief for COVID-19?,all_loan
Can't pay loan,all_loan
do you have any financial relief for loans?,all_loan
Is there any financial relief available for loans?,all_loan
I cant pay my loans,all_loan
financial relief for loans,all_loan
relief for loans,all_loan
loans,all_loan
financial relief from loans,all_loan
loan relief,all_loan
what relief is available for loan?,all_loan
What are my financial aid options?,all_loan
financial relief,all_loan
loan service,all_loan
loaning,all_loan
I cannot pay for my loan this month,all_loan
loan criteria,all_loan
does the bank provide loans,all_loan
Medical leave due to COVID-19,all_medical_reasons
Leave due to Medical,all_medical_reasons
Medical reason,all_medical_reasons
Medical leave,all_medical_reasons
Medical absence,all_medical_reasons
no money leave,all_redundant_reasons
unpaid leave,all_redundant_reasons
unpaid,all_redundant_reasons
redundant,all_redundant_reasons
Redundant or unpaid leave,all_redundant_reasons
Redundant leave,all_redundant_reasons
What should I do to setup my credit card for online payments?,Banking_Activate_Card
What is the process to activate credit card after cancellation?,Banking_Activate_Card
What are the steps for turning on a new card?,Banking_Activate_Card
Please help me with first time activation for credit card,Banking_Activate_Card
Is pin necessary to activate a card?,Banking_Activate_Card
I want to turn on my new visa card,Banking_Activate_Card
I want to reactive my cancelled card,Banking_Activate_Card
I want to activate my credit card by internet banking,Banking_Activate_Card
How to initiate a credit card?,Banking_Activate_Card
I want to activate my card.,Banking_Activate_Card
I want to activate master card by text,Banking_Activate_Card
I want credit card activation keys,Banking_Activate_Card
I need your help for mastercard credit card activation,Banking_Activate_Card
I need to activate it my card,Banking_Activate_Card
I got a new card,Banking_Activate_Card
How long does the credit card activation takes?,Banking_Activate_Card
When will my credit card begin working?,Banking_Activate_Card
Can you assist me in re-enabling a card via automated teller machine?,Banking_Activate_Card
activate credit card,Banking_Activate_Card
How do I reactivate a credit card account?,Banking_Activate_Card
Can I initiate credit card with atm?,Banking_Activate_Card
I want to know about credit deactivation process,Banking_Cancel_Card
How to cancel a credit card without hurting its score?,Banking_Cancel_Card
How to close credit card online?,Banking_Cancel_Card
Can I cancel my credit card if I have some pending dues?,Banking_Cancel_Card
Cancel a card,Banking_Cancel_Card
Details on how to apply for cancellation of credit card,Banking_Cancel_Card
Annual charges are high hence want to cancel my credit card,Banking_Cancel_Card
cancel credit card,Banking_Cancel_Card
cancel card,Banking_Cancel_Card
What is the way to deactivate my credit card?,Banking_Cancel_Card
What is the process for closing credit card?,Banking_Cancel_Card
What is the procedure for credit card deactivation?,Banking_Cancel_Card
How to deactivate credit?,Banking_Cancel_Card
I am not able to curb my spendings on credit card and so I want to close it,Banking_Cancel_Card
I no longer need this credit card,Banking_Cancel_Card
Can I cancel a credit card I just applied for?,Banking_Cancel_Card
I am not using credit card tell me how can I deactivate it,Banking_Cancel_Card
I want to raise request for deactivating my credit card,Banking_Cancel_Card
Please assist me to revoke my credit card,Banking_Cancel_Card
Please revoke my credit card,Banking_Cancel_Card
Tell me the ways through which I can close my credit card,Banking_Cancel_Card
What are the ways for closing credit card?,Banking_Cancel_Card
What are the fees?,Banking_Fee_Inquiry
What is the charge for card?,Banking_Fee_Inquiry
Where can I see the cost for buying the credit card?,Banking_Fee_Inquiry
Where is the credit card fee information?,Banking_Fee_Inquiry
I want to know about credit card costs.,Banking_Fee_Inquiry
How much do you charge to my credit card?,Banking_Fee_Inquiry
How can I pay the fee of credit card?,Banking_Fee_Inquiry
Fee on my card,Banking_Fee_Inquiry
What are the charges for new credit card?,Banking_Fee_Inquiry
I need assistance finding my credit card fee,Banking_Fee_Inquiry
Charges included in credit card,Banking_Fee_Inquiry
How much we pay for the maintenance fee?,Banking_Fee_Inquiry
Could you provide additional information regarding card fees?,Banking_Fee_Inquiry
Does it cost me anything to apply with your company for a credit card?,Banking_Fee_Inquiry
Give me more option about credit card charges,Banking_Fee_Inquiry
I want to see the costs associated with this card,Banking_Fee_Inquiry
I would like to find out the cost of my credit card,Banking_Fee_Inquiry
Is there some charge for credit card?,Banking_Fee_Inquiry
Need some help with my credit card charges/fees,Banking_Fee_Inquiry
Can you tell me about how much fee the bank charged for last month on my credit card?,Banking_Fee_Inquiry
What is the cost for credit card replacement?,Banking_Replace_Card
I want to opt for the replacement of my card as it has worn out,Banking_Replace_Card
Can I have helpline number to ask credit card replacement?,Banking_Replace_Card
Can I request a replacement for my card online?,Banking_Replace_Card
Can you tell me how to re-issue a credit card?,Banking_Replace_Card
I want card replacement same day,Banking_Replace_Card
I need to get a new card,Banking_Replace_Card
I need some information on how to replace credit card,Banking_Replace_Card
How do I go about requesting a new card?,Banking_Replace_Card
Card need to be replaced as it does not work,Banking_Replace_Card
Where from can I issue another card?,Banking_Replace_Card
What are the methods using which I can get a new card by replacing it with old one?,Banking_Replace_Card
Replacement for banking credit card,Banking_Replace_Card
Please take this old credit card and give me new one,Banking_Replace_Card
Please substitute a new card for the worn-out one,Banking_Replace_Card
Do I need to validate my new home address in order to get a card replacement?,Banking_Replace_Card
How do I get a card reissued?,Banking_Replace_Card
Credit credit card replacement methods,Banking_Replace_Card
I would like to know how to replace my credit card.,Banking_Replace_Card
Can I get info on replacing my credit card?,Banking_Replace_Card
What if I lose the card?,Banking_Report_Missing_Card
Can I lock my credit card until I find it?,Banking_Report_Missing_Card
Help! I left my credit card with my purse in the taxi and I'm afraid someone's gonna use it,Banking_Report_Missing_Card
How can I cancel my credit card which was stolen?,Banking_Report_Missing_Card
What are the options with the card loss?,Banking_Report_Missing_Card
My credit card is lost how should I cancel it,Banking_Report_Missing_Card
Is there any charge for registering a complaint for credit card loss?,Banking_Report_Missing_Card
I would like to know what to do if I lose my credit card,Banking_Report_Missing_Card
I need assistance as I've lost my credit card,Banking_Report_Missing_Card
I have no idea where I placed my debit card,Banking_Report_Missing_Card
I have lost my credit card and I want to deactivate it,Banking_Report_Missing_Card
How much is the charge for a lost card?,Banking_Report_Missing_Card
How do I report the theft of my credit card?,Banking_Report_Missing_Card
How do I go about reporting a card theft?,Banking_Report_Missing_Card
How do I file for a missing card?,Banking_Report_Missing_Card
Someone took my card!,Banking_Report_Missing_Card
What steps should be taken in the event of a missing credit card?,Banking_Report_Missing_Card
What steps can I take when I lose my credit card?,Banking_Report_Missing_Card
What is the way to report a lost card?,Banking_Report_Missing_Card
What is the procedure to report stolen card?,Banking_Report_Missing_Card
missing card,Banking_Report_Missing_Card
report missing card,Banking_Report_Missing_Card
How soon will you tell me about modifications made to the bank card agreement?,Banking_Request_Card_Member_Agreement
How can I request card holder agreement?,Banking_Request_Card_Member_Agreement
Does my card member agreement give all information about charges on credit card?,Banking_Request_Card_Member_Agreement
Do I need to sign card member agreement?,Banking_Request_Card_Member_Agreement
I never got the cardmember agreement. can you post/email me?,Banking_Request_Card_Member_Agreement
I need information about cardholder member agreement. please help with the same,Banking_Request_Card_Member_Agreement
Looking for my credit card account agreement,Banking_Request_Card_Member_Agreement
Who do I contact for card member agreement?,Banking_Request_Card_Member_Agreement
How will I get card member agreement on email?,Banking_Request_Card_Member_Agreement
What are arbitration clauses in cardmember agreement?,Banking_Request_Card_Member_Agreement
Can you tell me how can I request card holder agreement?,Banking_Request_Card_Member_Agreement
Can I see the agreement?,Banking_Request_Card_Member_Agreement
I need a copy of my card agreement,Banking_Request_Card_Member_Agreement
Will there be a new card member agreement for my renewed card?,Banking_Request_Card_Member_Agreement
Will it cost me to receive a copy of the card holder agreement?,Banking_Request_Card_Member_Agreement
Do I have to fill out a new member agreement for a replaced card?,Banking_Request_Card_Member_Agreement
I want pdf of cardmember agreement,Banking_Request_Card_Member_Agreement
When I will receive credit member agreement?,Banking_Request_Card_Member_Agreement
Looking for credit card member agreement,Banking_Request_Card_Member_Agreement
It would be great if you help me with cardholder member agreement,Banking_Request_Card_Member_Agreement
I want to apply for a checkbook,Banking_Request_Checkbook
How to get another check book?,Banking_Request_Checkbook
How do I receive a new copy of my check book?,Banking_Request_Checkbook
Help with check requisition,Banking_Request_Checkbook
Do you issue check books?,Banking_Request_Checkbook
Do you have check book request details?,Banking_Request_Checkbook
Could you help me get a checkbook?,Banking_Request_Checkbook
Can you tell me some options about check book issue?,Banking_Request_Checkbook
What is helpline number for requesting checkbook?,Banking_Request_Checkbook
What are charges for a new checkbook?,Banking_Request_Checkbook
Please give me the information on how to request the check-book,Banking_Request_Checkbook
Is it possible for me to receive a checkbook?,Banking_Request_Checkbook
I'm calling for help in ordering a new checkbook please.,Banking_Request_Checkbook
I'm all outta checks,Banking_Request_Checkbook
I want to know my check book request status,Banking_Request_Checkbook
I need assistance on getting check book,Banking_Request_Checkbook
Can you please send me some checks?,Banking_Request_Checkbook
Can I order checkbook thru this chat window?,Banking_Request_Checkbook
Can I check the status of my check book request?,Banking_Request_Checkbook
What is the option for check book renewal?,Banking_Request_Checkbook
What are the steps involved in increasing credit line?,Banking_Request_Increase_In_Credit_Line
There is a hospital emergency. can you increase my credit limit,Banking_Request_Increase_In_Credit_Line
I want to know about credit limitation,Banking_Request_Increase_In_Credit_Line
How often does bank increase credit limit?,Banking_Request_Increase_In_Credit_Line
How can I add limit to credit card?,Banking_Request_Increase_In_Credit_Line
How to apply for increase in credit limit?,Banking_Request_Increase_In_Credit_Line
I am not getting on how to increase credit limit,Banking_Request_Increase_In_Credit_Line
I need to change my credit card limit,Banking_Request_Increase_In_Credit_Line
I want to submit my latest salary slip to enhance my credit card limit,Banking_Request_Increase_In_Credit_Line
I would like to have a bigger credit line,Banking_Request_Increase_In_Credit_Line
I'd like a higher credit ceiling please,Banking_Request_Increase_In_Credit_Line
Requesting you to remove credit restrictions,Banking_Request_Increase_In_Credit_Line
What are the methods with which I can improve my credit line?,Banking_Request_Increase_In_Credit_Line
Upgrade credit limit,Banking_Request_Increase_In_Credit_Line
How do I raise credit card limit?,Banking_Request_Increase_In_Credit_Line
Does my credit card usage have impact on increasing the credit line?,Banking_Request_Increase_In_Credit_Line
Credit bump,Banking_Request_Increase_In_Credit_Line
Can you extend my current card limitation?,Banking_Request_Increase_In_Credit_Line
Who approves the credit limit extension?,Banking_Request_Increase_In_Credit_Line
Where do I request a credit increase?,Banking_Request_Increase_In_Credit_Line
I want to ask about direct deposit,Banking_Set_Up_Direct_Deposit
Set up direct deposit,Banking_Set_Up_Direct_Deposit
Please guide me with direct deposit process,Banking_Set_Up_Direct_Deposit
How to use on-line banking for direct credit?,Banking_Set_Up_Direct_Deposit
How to sign up for direct deposit?,Banking_Set_Up_Direct_Deposit
How do I setup direct deposit?,Banking_Set_Up_Direct_Deposit
From where should I sign up for direct deposit,Banking_Set_Up_Direct_Deposit
Does the mobile app offer direct deposit?,Banking_Set_Up_Direct_Deposit
Can you mail me the direct deposit form to my residential address?,Banking_Set_Up_Direct_Deposit
Can you deposit my salary right into my account?,Banking_Set_Up_Direct_Deposit
Can I set up a direct deposit without a checkbook?,Banking_Set_Up_Direct_Deposit
Where is option of direct deposit in net banking?,Banking_Set_Up_Direct_Deposit
When setting up direct deposit what does deposit type mean?,Banking_Set_Up_Direct_Deposit
What is the way to do direct deposit?,Banking_Set_Up_Direct_Deposit
What is process to setup direct deposit?,Banking_Set_Up_Direct_Deposit
What are steps for setting up direct deposit?,Banking_Set_Up_Direct_Deposit
I have query regarding process of direct deposit,Banking_Set_Up_Direct_Deposit
What all details I need to fill direct deposit form?,Banking_Set_Up_Direct_Deposit
What are ways for setting up direct deposit?,Banking_Set_Up_Direct_Deposit
Show me process to setup direct deposit,Banking_Set_Up_Direct_Deposit
money transfer,Banking_Transfer_Money
How can I transfer funds electronically?,Banking_Transfer_Money
Which is the external money transfer maximum limit?,Banking_Transfer_Money
Could you please assist me with transferring funds?,Banking_Transfer_Money
Could you please tell me how to transfer money?,Banking_Transfer_Money
I need support for international bank transfer,Banking_Transfer_Money
Where are the internal money transfer option in mobile application?,Banking_Transfer_Money
I wand to send a wire is it secure and convenient,Banking_Transfer_Money
How do I set up recurring external transfers?,Banking_Transfer_Money
How do I add payee to my external account lists?,Banking_Transfer_Money
I want to transfer some amount to another account within the same bank,Banking_Transfer_Money
Please walk me through the process of wire transfer,Banking_Transfer_Money
Transfer to checking,Banking_Transfer_Money
Transfer to outside account on app,Banking_Transfer_Money
What are the options to move money to outside bank account?,Banking_Transfer_Money
How much overseas wires fund charge?,Banking_Transfer_Money
Where can I do a wire exchange?,Banking_Transfer_Money
What is the daily limit to transfer money to some other bank?,Banking_Transfer_Money
Can you please help me with wire transaction?,Banking_Transfer_Money
Can I send my sister some money?,Banking_Transfer_Money
When will the beneficiary receive the wire transferred money?,Banking_Transfer_Money
transfer money to account,Banking_Transfer_Money
transfer money,Banking_Transfer_Money
Show activities,Banking_View_Activity
Please tell me account activities detail,Banking_View_Activity
Places where account activity history can be found,Banking_View_Activity
How much interest amount deposited last month in my account?,Banking_View_Activity
How do I access checking account activity information?,Banking_View_Activity
When was the levy order processed for my checking account?,Banking_View_Activity
Help me get all the information about all activities of all my checking accounts,Banking_View_Activity
Where to view my account transaction history for my checking account?,Banking_View_Activity
I would like to see any recent activity on my account before the interest got added,Banking_View_Activity
Help with viewing activity that take place in an a/c,Banking_View_Activity
Can I get statement for account activities in past 10 days?,Banking_View_Activity
I wanna check my account summary,Banking_View_Activity
I want someone to help me see account activity and summary for every activity of my account,Banking_View_Activity
See transactions,Banking_View_Activity
From where did I get the latest credit in my account,Banking_View_Activity
Do you know about account activities of my checking account?,Banking_View_Activity
How can one get account activities details of his a/c?,Banking_View_Activity
What is the amount of interest that got credited to my a/c?,Banking_View_Activity
View activities,Banking_View_Activity
Transaction history,Banking_View_Activity
I need pending charges for card,Banking_View_Pending_Charges
I want to know about credit card pending charge,Banking_View_Pending_Charges
I would like to know about my pending charges,Banking_View_Pending_Charges
I'd like to learn more about the pending charges of my credit card,Banking_View_Pending_Charges
Show pending,Banking_View_Pending_Charges
What are the charges for my credit card which are yet to be approved?,Banking_View_Pending_Charges
Please tell me about the pending charges against me,Banking_View_Pending_Charges
Where can I go over my recent charges pending approval?,Banking_View_Pending_Charges
Can you show me where I can find my charges that have not yet gone through?,Banking_View_Pending_Charges
Can you give me information about the outstanding charges on my credit card?,Banking_View_Pending_Charges
Can you show me where I can see any upcoming charges levied on my credit card account?,Banking_View_Pending_Charges
What should I know about pending charges on my credit card?,Banking_View_Pending_Charges
Is there any information for credit card with pending charges?,Banking_View_Pending_Charges
Any outstanding charges,Banking_View_Pending_Charges
Pending items,Banking_View_Pending_Charges
How can I access credit card pending payments?,Banking_View_Pending_Charges
How to view unsettled charges with my credit card?,Banking_View_Pending_Charges
How to get credit card's pending charges on-line?,Banking_View_Pending_Charges
How do I review my credit charges awaiting confirmation?,Banking_View_Pending_Charges
Can I get some info related to pending charges for my credit card using mobile application?,Banking_View_Pending_Charges
What swift code and aba routing number I should use to wire transfer fund from foreign country?,Banking_View_Routing_Number
What is the aba routing number for your bank?,Banking_View_Routing_Number
How to view international bank transfer routing number?,Banking_View_Routing_Number
I need to find my routing number of my bank account online.,Banking_View_Routing_Number
I want to make international transaction so I need routing number for that,Banking_View_Routing_Number
May I know the routing number?,Banking_View_Routing_Number
What is an aba routing number and how do I find it?,Banking_View_Routing_Number
Is the bank account number same as the routing number?,Banking_View_Routing_Number
Can you tell my routing number in this chat window?,Banking_View_Routing_Number
Find a routing number without checks,Banking_View_Routing_Number
How do I know the routing number?,Banking_View_Routing_Number
Where is routing number need to find on check?,Banking_View_Routing_Number
Where do I see the routing no?,Banking_View_Routing_Number
Where do I locate my routing number on site please?,Banking_View_Routing_Number
Where can I see my routing id?,Banking_View_Routing_Number
Where can I find my routing id?,Banking_View_Routing_Number
How to locate bank routing number?,Banking_View_Routing_Number
How to search bank routing numbers?,Banking_View_Routing_Number
Where is the routing transit number located?,Banking_View_Routing_Number
Where can I find my bank routing numbers for money transfer?,Banking_View_Routing_Number
bank actions,Bot_Bank_Menu
back to bank menu,Bot_Bank_Menu
back to bank actions,Bot_Bank_Menu
return to bank actions menu,Bot_Bank_Menu
return to bank actions,Bot_Bank_Menu
What actions can i perform with the bank?,Bot_Bank_Menu
return to bank menu,Bot_Bank_Menu
Show banking menu,Bot_Bank_Menu
Sweet,Bot_Control_Approve_Response
That is what I need,Bot_Control_Approve_Response
That's exactly what I want,Bot_Control_Approve_Response
absolutely,Bot_Control_Approve_Response
Very well. Let's do it.,Bot_Control_Approve_Response
sure thing,Bot_Control_Approve_Response
Yes,Bot_Control_Approve_Response
indeed,Bot_Control_Approve_Response
yes please,Bot_Control_Approve_Response
yeah,Bot_Control_Approve_Response
You read my mind,Bot_Control_Approve_Response
That is right,Bot_Control_Approve_Response
All right,Bot_Control_Approve_Response
Correct,Bot_Control_Approve_Response
For sure!,Bot_Control_Approve_Response
Got it,Bot_Control_Approve_Response
I agree,Bot_Control_Approve_Response
I like that,Bot_Control_Approve_Response
Great,Bot_Control_Approve_Response
"Yeah, that's it!",Bot_Control_Approve_Response
Indeed!,Bot_Control_Approve_Response
That is the proper response.,Bot_Control_Approve_Response
Sure thing!,Bot_Control_Approve_Response
sure,Bot_Control_Approve_Response
alright,Bot_Control_Approve_Response
alright yes,Bot_Control_Approve_Response
This is alright,Bot_Control_Approve_Response
You bet,Bot_Control_Approve_Response
That is precisely what I was looking for,Bot_Control_Approve_Response
I do,Bot_Control_Approve_Response
Affirmative. That's what I'm looking for.,Bot_Control_Approve_Response
I have one more question,Bot_Control_Change_Subject
A different matter,Bot_Control_Change_Subject
Discuss something else,Bot_Control_Change_Subject
Another thing,Bot_Control_Change_Subject
Here is another issue,Bot_Control_Change_Subject
Talk about something else,Bot_Control_Change_Subject
Let us change the topic,Bot_Control_Change_Subject
Change topic,Bot_Control_Change_Subject
Help me with this other question,Bot_Control_Change_Subject
Can we talk about something else?,Bot_Control_Change_Subject
Let us talk about something else,Bot_Control_Change_Subject
Chat about something else,Bot_Control_Change_Subject
Explains,Bot_Control_Clarification
What are you saying?,Bot_Control_Clarification
What do you mean by that?,Bot_Control_Clarification
I don't get it,Bot_Control_Clarification
I did not quite understand what you gave me,Bot_Control_Clarification
What do you mean?,Bot_Control_Clarification
Can you say that again please?,Bot_Control_Clarification
I don't understand what you're saying,Bot_Control_Clarification
Come again?,Bot_Control_Clarification
What are you referring to?,Bot_Control_Clarification
"Let's try to say that again more clearly, shall we?",Bot_Control_Clarification
What are you talking about?,Bot_Control_Clarification
I didn't quite understand what you said,Bot_Control_Clarification
I didn't understand that properly,Bot_Control_Clarification
I need more information,Bot_Control_Clarification
I don't understand,Bot_Control_Clarification
I didn't catch that,Bot_Control_Clarification
Where'd you go?,Bot_Control_Confirm_Presence
Is anybody here?,Bot_Control_Confirm_Presence
Are you leaving me?,Bot_Control_Confirm_Presence
Are you there?,Bot_Control_Confirm_Presence
I am still holding,Bot_Control_Confirm_Presence
Are you still here with me?,Bot_Control_Confirm_Presence
Am I talking to someone?,Bot_Control_Confirm_Presence
Are you still around?,Bot_Control_Confirm_Presence
Have I lost you?,Bot_Control_Confirm_Presence
Speak to me if you are there.,Bot_Control_Confirm_Presence
Are you on?,Bot_Control_Confirm_Presence
Did you go somewhere?,Bot_Control_Confirm_Presence
Did you hear what I said?,Bot_Control_Confirm_Presence
Anyone there?,Bot_Control_Confirm_Presence
You around?,Bot_Control_Confirm_Presence
Is anybody home?,Bot_Control_Confirm_Presence
Ignore this,Bot_Control_Ignore_Undo
"Actually, I take that back",Bot_Control_Ignore_Undo
Cancel,Bot_Control_Ignore_Undo
Hold on! I think I want to do it differently.,Bot_Control_Ignore_Undo
Wait! Let's back up few steps and do that again,Bot_Control_Ignore_Undo
Never,Bot_Control_Ignore_Undo
Not yet,Bot_Control_Ignore_Undo
I did not mean that?,Bot_Control_Ignore_Undo
"I didn't mean to do that actually, let's go back",Bot_Control_Ignore_Undo
Nothing,Bot_Control_Ignore_Undo
Never mind,Bot_Control_Ignore_Undo
Let us redo that again!,Bot_Control_Ignore_Undo
I change my mind.,Bot_Control_Ignore_Undo
It's not what I mean,Bot_Control_Ignore_Undo
No,Bot_Control_Reject_Response
I disagree,Bot_Control_Reject_Response
You did not understand what I said,Bot_Control_Reject_Response
Do not,Bot_Control_Reject_Response
I don't need that,Bot_Control_Reject_Response
It is not what I was looking for,Bot_Control_Reject_Response
I do not think it is the answer?,Bot_Control_Reject_Response
I wasn't looking for that,Bot_Control_Reject_Response
It is not what I want,Bot_Control_Reject_Response
No I'm fine thanks,Bot_Control_Reject_Response
I don't want that,Bot_Control_Reject_Response
Bad response,Bot_Control_Reject_Response
You're misunderstanding me,Bot_Control_Reject_Response
You didn't understand me,Bot_Control_Reject_Response
You did not understand what I asked,Bot_Control_Reject_Response
Wrong response,Bot_Control_Reject_Response
"That was wrong, try again",Bot_Control_Reject_Response
That was not my intent,Bot_Control_Reject_Response
That sounds like the wrong response,Bot_Control_Reject_Response
That is not true,Bot_Control_Reject_Response
That answer is incorrect,Bot_Control_Reject_Response
Not the right response,Bot_Control_Reject_Response
Main menu,Bot_Control_Start_Over
Please reset,Bot_Control_Start_Over
Please start a new chat,Bot_Control_Start_Over
Restart,Bot_Control_Start_Over
Can we please start over?,Bot_Control_Start_Over
One more time from the beginning,Bot_Control_Start_Over
Back to the beginning,Bot_Control_Start_Over
Begin over!,Bot_Control_Start_Over
We will need to begin again,Bot_Control_Start_Over
can i see the main menu,Bot_Control_Start_Over
go back to start,Bot_Control_Start_Over
Back to main menu,Bot_Control_Start_Over
Back to the top,Bot_Control_Start_Over
Let's pick this up from the top again.,Bot_Control_Start_Over
I need to reset.,Bot_Control_Start_Over
How can I start over?,Bot_Control_Start_Over
show me all the options,Bot_Control_Start_Over
Go to start,Bot_Control_Start_Over
Start over,Bot_Control_Start_Over
We need a do-over,Bot_Control_Start_Over
Please initiate from the beginning,Bot_Control_Start_Over
Let's go back to square one,Bot_Control_Start_Over
Let us reopen this again.,Bot_Control_Start_Over
I would like to start all over,Bot_Control_Start_Over
I want start from the beginning,Bot_Control_Start_Over
I haven't got a clue,Bot_Control_Unsure
No idea,Bot_Control_Unsure
No clue,Bot_Control_Unsure
I m not certain I get what you re saying,Bot_Control_Unsure
I have no idea what you are looking for,Bot_Control_Unsure
I m not sure what will make you happy,Bot_Control_Unsure
"I have no idea, actually",Bot_Control_Unsure
I don t know what you want,Bot_Control_Unsure
"To be honest, I m really not sure",Bot_Control_Unsure
I m not yet convinced,Bot_Control_Unsure
I don t know what you need,Bot_Control_Unsure
You got me,Bot_Control_Unsure
When does your branch shut down?,Branch_Timings
operation hours,Branch_Timings
What are your branch timings?,Branch_Timings
branch timings,Branch_Timings
What are your operation hours?,Branch_Timings
nevermind,Cancel
cancel the request,Cancel
i changed my mind,Cancel
i don't want a table anymore anymore,Cancel
forget it,Cancel
never mind,Cancel
cancel that,Cancel
cdc_facts,cdc_facts
cdc_link,CDC_Info
corona virus news updates,cdc_summary
covid news updates,cdc_summary
cdc_summary,cdc_summary
cdc_traveler,cdc_traveler
What is coronavirus ?,corona_info
Where did coronavirus start ?,corona_info
when did coronavirus start ?,corona_info
what are the medical conditions that are at higher risk to coronavirus?,corona_info
when will coronavirus end ?,corona_info
Do i have coronavirus?,covid-diagnosis
I'm afraid I have this virus. How can I tell?,covid-diagnosis
"I'm feeling sick, but I'm not sure whether I have the covid-19.",covid-diagnosis
I have a fever. Does that mean I have coronavirus?,covid-diagnosis
Does having a fever and a runny nose mean I have coronavirus?,covid-diagnosis
Can you tell me whether I have covid-19 or not?,covid-diagnosis
How can I diagnose whether I have covid-19 or not?,covid-diagnosis
How can I tell if I have the coronavirus?,covid-diagnosis
I'm not feeling very well today,covid-diagnosis
How can I tell whether I have the flu or the coronavirus?,covid-diagnosis
How do I know if I have covid-19?,covid-diagnosis
How can I tell if I am infected?,covid-diagnosis
I'm afraid I'm coming down with coronavirus. How can I tell if I am?,covid-diagnosis
I'm sick,covid-diagnosis
How can I tell if I have a fever?,covid-fever-definition
How hot is a fever?,covid-fever-definition
What do you mean fever?,covid-fever-definition
What temperature is a fever?,covid-fever-definition
How high is does my temperature need to be for a fever?,covid-fever-definition
How do flu symptoms differ from cold symptoms?,covid-flu-vs-common-cold
How is a cold different from the flu?,covid-flu-vs-common-cold
corona vs flu,covid-flu-vs-common-cold
What's the difference between flu and coronavirus,covid-flu-vs-common-cold
Flu vs corona,covid-flu-vs-common-cold
Flu vs cold,covid-flu-vs-common-cold
How do I keep other people from catching this?,covid-prevent-spread
How can I protect my family and friends from covid-19 if I'm contagious,covid-prevent-spread
How can we slow down the spread of corona virus?,covid-prevent-spread
How do I help prevent coronavirus from spreading?,covid-prevent-spread
What do I do to keep the coronavirus from spreading?,covid-prevent-spread
Can my kids go back to school?,covid-schools-open
should my kids go to school,covid-schools-open
can i send my kids to school,covid-schools-open
When will the high school in my area be open again.,covid-schools-open
are the schools going to open again soon,covid-schools-open
Is the local kindergarten going to be opening soon,covid-schools-open
should my kids go to schoolo,covid-schools-open
when will the day care center be open again?,covid-schools-open
Can my kids go to school today?,covid-schools-open
are schools open?,covid-schools-open
Are universities open?,covid-schools-open
Should I go to school?,covid-schools-open
when will the school be open again?,covid-schools-open
Can I go to school?,covid-schools-open
Can I go to university?,covid-schools-open
Should I go to university?,covid-schools-open
What kind of breathing problem is that?,covid-shortness-of-breath-definition
How do I know what shortness of breath is,covid-shortness-of-breath-definition
What is shortness of breath,covid-shortness-of-breath-definition
What do you mean shortness of breath?,covid-shortness-of-breath-definition
I don't know what shortness of breath is,covid-shortness-of-breath-definition
What if I think I have coronavirus?,covid-what-if-sick
What if I'm sick?,covid-what-if-sick
What do I do if I'm infected with covid-19?,covid-what-if-sick
What do I do if I have been exposed to the virus?,covid-what-if-sick
What should I do if I'm sick?,covid-what-if-sick
Make an appointment,Customer_Care_Appointments
can i make an appointment,Customer_Care_Appointments
I would like to discuss my situation face to face,Customer_Care_Appointments
I want to talk in person with someone about my case,Customer_Care_Appointments
i'd like to make an appointment,Customer_Care_Appointments
I would like to make an appointment to visit the nearest store to my location.,Customer_Care_Appointments
What time can I meet the staff?,Customer_Care_Appointments
meet in store,Customer_Care_Appointments
do you have availability next week,Customer_Care_Appointments
can i book for tonight,Customer_Care_Appointments
Could I speak to someone in the store next tuesday?,Customer_Care_Appointments
i'd like to come in for an appointment,Customer_Care_Appointments
are you available on tuesday,Customer_Care_Appointments
Can I book an in person session,Customer_Care_Appointments
Want to change my visit,Customer_Care_Appointments
Set up an appt,Customer_Care_Appointments
Store appointment,Customer_Care_Appointments
When can I meet with one of your employees at your store?,Customer_Care_Appointments
I prefer a face to face visit,Customer_Care_Appointments
can you make an appointment for me,Customer_Care_Appointments
Are you open on bank holidays?,Customer_Care_Store_Hours
Are you closed new Year's eve,Customer_Care_Store_Hours
how early do you open on Saturdays,Customer_Care_Store_Hours
how late are you there,Customer_Care_Store_Hours
What time are you closing today?,Customer_Care_Store_Hours
store open,Customer_Care_Store_Hours
What time do you close today,Customer_Care_Store_Hours
What time does the central manchester store shut on a saturday?,Customer_Care_Store_Hours
how late y'all stay up till,Customer_Care_Store_Hours
What are the hours of operation?,Customer_Care_Store_Hours
store open now,Customer_Care_Store_Hours
"Are you open on sundays, and if so what are the hours?",Customer_Care_Store_Hours
open hours store,Customer_Care_Store_Hours
will you be open Memorial day,Customer_Care_Store_Hours
store hours,Customer_Care_Store_Hours
How long are you open?,Customer_Care_Store_Hours
How early do you open?,Customer_Care_Store_Hours
when can i visit your store,Customer_Care_Store_Hours
when do your stores open,Customer_Care_Store_Hours
what time do you close on Sunday,Customer_Care_Store_Hours
What time do you open on Saturdays,Customer_Care_Store_Hours
Hours of operation,Customer_Care_Store_Hours
What time do you close,Customer_Care_Store_Hours
when do you close,Customer_Care_Store_Hours
will you open for christmas,Customer_Care_Store_Hours
what are your hours,Customer_Care_Store_Hours
What time is your store open on saturday?,Customer_Care_Store_Hours
What time do stores close?,Customer_Care_Store_Hours
What are the business hours of the store nearest to me?,Customer_Care_Store_Hours
What are the saturday opening times for the local store?,Customer_Care_Store_Hours
What are ur opening hours?,Customer_Care_Store_Hours
What are your hous?,Customer_Care_Store_Hours
Are you open during thanksgiving?,Customer_Care_Store_Hours
Are the stores open early?,Customer_Care_Store_Hours
will you open on christmas,Customer_Care_Store_Hours
At what hour can I swing by?,Customer_Care_Store_Hours
Can you tell me how late the stores are open till?,Customer_Care_Store_Hours
Does the store in the city center opens till 8pm on weekends?,Customer_Care_Store_Hours
store hrs,Customer_Care_Store_Hours
Is the branch open now?,Customer_Care_Store_Hours
What is the opening time for the washington store?,Customer_Care_Store_Hours
Are you closing early today,Customer_Care_Store_Hours
when does the store close,Customer_Care_Store_Hours
are stores open on sunday,Customer_Care_Store_Hours
how late are you open tonight,Customer_Care_Store_Hours
how late are you open,Customer_Care_Store_Hours
Are you open on Sunday,Customer_Care_Store_Hours
store open hours?,Customer_Care_Store_Hours
Can I order delivery food?,delivery_food
I want to order food from outside,delivery_food
Is delivery food safe to eat?,delivery_food
is it safe to do food delivery ?,delivery_food
Can I order food?,delivery_food
It is okay to order food from outside?,delivery_food
How safe is delivery food?,delivery_food
documents needed for testing?,documents_screening
Do I need to bring something with me for the screening?,documents_screening
What documents are required for the test ?,documents_screening
Which documents do I need to bring with me for the screening?,documents_screening
What documents are required for screening ?,documents_screening
Should I bring my passport for the screening?,documents_screening
I have an emergency,emergency
I need to call an ambulance,emergency
What number should I call for emergency,emergency
I need an ambulance,emergency
what numbers to call ?,emergency
What's the emergency number,emergency
Who to call for emregency,emergency
who is allowed to go out,exemptions
who can leave home?,exemptions
Who is allowed to leave the house?,exemptions
Who can commute?,exemptions
Which industries allow their employees to go the office,exemptions
Which sectors can work in the offices,exemptions
Who can leave the house,exemptions
Do you have a name?,General_About_You
About you,General_About_You
Can I use another language?,General_About_You
How can I configure you?,General_About_You
How old are you?,General_About_You
Who are you?,General_About_You
Where were you born?,General_About_You
Introduce your self,General_About_You
Do you know who you are?,General_About_You
How do you function?,General_About_You
Tell me something about yourself,General_About_You
What languages do you speak?,General_About_You
What should I know about you?,General_About_You
What's your name?,General_About_You
Where are you from?,General_About_You
Why are you here?,General_About_You
Tell me about your life,General_About_You
Let us talk about you,General_About_You
I want to set up the chat bot for my shop,General_About_You
Describe your self,General_About_You
What are my options?,General_Agent_Capabilities
What are you able to understand?,General_Agent_Capabilities
What are you capable of?,General_Agent_Capabilities
What do you handle?,General_Agent_Capabilities
What else can you help me with?,General_Agent_Capabilities
What features are in here?,General_Agent_Capabilities
What kinds of things can you do?,General_Agent_Capabilities
Where can I find the frequently asked questions?,General_Agent_Capabilities
What can I ask you to do?,General_Agent_Capabilities
What do you do?,General_Agent_Capabilities
What are you good at?,General_Agent_Capabilities
What is this 4?,General_Agent_Capabilities
Can you tell me what services you are able to help me with?,General_Agent_Capabilities
Do you have a list of things I can talk to you about?,General_Agent_Capabilities
Help now,General_Agent_Capabilities
"Hi, what do you do?",General_Agent_Capabilities
How can I use you?,General_Agent_Capabilities
Tell me something,General_Agent_Capabilities
Can you please give me a list of the types of things you can help me with?,General_Agent_Capabilities
How can you help me?,General_Agent_Capabilities
How do I use you?,General_Agent_Capabilities
What are you able to deal with?,General_Agent_Capabilities
What are your skills?,General_Agent_Capabilities
What are my options that you can help with?,General_Agent_Capabilities
What are you used for?,General_Agent_Capabilities
Tell me about what kind of things you do?,General_Agent_Capabilities
Is there anything you can help me with?,General_Agent_Capabilities
I'd like to know what type of questions you can answer for me.,General_Agent_Capabilities
I do not know what to ask,General_Agent_Capabilities
How can you solve my problems?,General_Agent_Capabilities
Operator please,General_Connect_to_Agent
Please connect me to a live agent,General_Connect_to_Agent
Please let me talk to a human being.,General_Connect_to_Agent
Agent help,General_Connect_to_Agent
I would like to speak to someone,General_Connect_to_Agent
Need help from human,General_Connect_to_Agent
Can I speak to an advisor?,General_Connect_to_Agent
representative,General_Connect_to_Agent
Put me through to someone,General_Connect_to_Agent
Can you connect me with a real person?,General_Connect_to_Agent
Connect me to a live operator please.,General_Connect_to_Agent
Contact person,General_Connect_to_Agent
Could you please transfer me to your master?,General_Connect_to_Agent
Customer service representative please.,General_Connect_to_Agent
Do not want a robot?,General_Connect_to_Agent
Hi can you transfer me,General_Connect_to_Agent
How can I skip the recorded menu and go straight to a live person?,General_Connect_to_Agent
I don't want to talk to a bot.,General_Connect_to_Agent
I don't want to talk to you,General_Connect_to_Agent
Pls connect,General_Connect_to_Agent
I need to speak to a representative. How would I go about doing so?,General_Connect_to_Agent
I want agent,General_Connect_to_Agent
I want a manager,General_Connect_to_Agent
I want an agent to help me,General_Connect_to_Agent
I want to talk to a person,General_Connect_to_Agent
I want to speak to a person,General_Connect_to_Agent
I dont want to talk to a computer,General_Connect_to_Agent
call the manager,General_Connect_to_Agent
I want to speak to a human,General_Connect_to_Agent
I want to talk to the manager,General_Connect_to_Agent
"A real agent, please.",General_Connect_to_Agent
Call agent,General_Connect_to_Agent
I don't want to speak with a robot,General_Connect_to_Agent
Send me to an agent,General_Connect_to_Agent
Where is the closest agent?,General_Connect_to_Agent
get me a person,General_Connect_to_Agent
Is there anyone there I can actually talk to for real?,General_Connect_to_Agent
Can I connect to an agent?,General_Connect_to_Agent
talk to a human,General_Connect_to_Agent
Can I speak to a human please?,General_Connect_to_Agent
Can I speak to a live person?,General_Connect_to_Agent
Can you assist me to connect to an agent?,General_Connect_to_Agent
I would like to speak to a human,General_Connect_to_Agent
Can I talk to someone?,General_Connect_to_Agent
Can I speak with somebody?,General_Connect_to_Agent
Please assist me to get to an agent,General_Connect_to_Agent
"Yes, take me to a real person",General_Connect_to_Agent
I have got to go,General_Ending
Going now,General_Ending
Good. bye.,General_Ending
"Thanks very much, bye!",General_Ending
That is all,General_Ending
That's everything,General_Ending
Time to go,General_Ending
Bye now,General_Ending
It was nice chatting with you,General_Ending
I'm leaving now,General_Ending
See you,General_Ending
Stop talking to me,General_Ending
Stop doing this,General_Ending
Shut up,General_Ending
Catch you later,General_Ending
End trial,General_Ending
Ending this session,General_Ending
I am out of here,General_Ending
I am leaving,General_Ending
Hey bot go away,General_Ending
Goodbye,General_Ending
Go away,General_Ending
Get lost,General_Ending
Im good thank you,General_Ending
I'm done,General_Ending
exit,General_Ending
bye,General_Ending
"Finished now, good bye",General_Ending
I d like to stop doing this,General_Ending
Im done,General_Ending
I want to quit,General_Ending
Go off,General_Ending
Have a nice day?,General_Ending
See you later,General_Ending
Ok goodbye,General_Ending
Bye bye,General_Ending
Cya later,General_Ending
"Thanks, bye!",General_Ending
Thank you for your time,General_Ending
Hey how are you doing,General_Greetings
Hi advisor,General_Greetings
Who is this?,General_Greetings
Hello I am looking for some help here,General_Greetings
Ok take me back,General_Greetings
Have you been well?,General_Greetings
Hello,General_Greetings
Hello Agent,General_Greetings
How are things going?,General_Greetings
How are you today?,General_Greetings
yo,General_Greetings
How have you been?,General_Greetings
hi,General_Greetings
How r u?,General_Greetings
Looking good eve,General_Greetings
Hey you,General_Greetings
How is it going?,General_Greetings
You there,General_Greetings
What's up?,General_Greetings
What's new?,General_Greetings
Hi there,General_Greetings
Hey twin,General_Greetings
Greetings,General_Greetings
Good morning,General_Greetings
Good evening,General_Greetings
Good day,General_Greetings
hiya,General_Greetings
Good to see you,General_Greetings
Hey there,General_Greetings
Hey there all,General_Greetings
Are you a robot?,General_Human_or_Bot
Am I chatting with a human?,General_Human_or_Bot
Are you real?,General_Human_or_Bot
Am I talking to Watson?,General_Human_or_Bot
Is this a computer?,General_Human_or_Bot
Are you human?,General_Human_or_Bot
Am I talking to a person or am I talking to an AI?,General_Human_or_Bot
Are you a human or a bot?,General_Human_or_Bot
How can you prove you are a human?,General_Human_or_Bot
"Tell me, are you a human or no?",General_Human_or_Bot
Are you even real?,General_Human_or_Bot
Am I talking to a Bot?,General_Human_or_Bot
Are there jokes?,General_Jokes
What do you do for fun?,General_Jokes
What is your favorite joke?,General_Jokes
Do you have a joke?,General_Jokes
Do you like humor?,General_Jokes
Another joke,General_Jokes
Can you tell a joke?,General_Jokes
Surprise me with something hilarious,General_Jokes
Tell me something funny,General_Jokes
Do you have humor?,General_Jokes
Do you like fun?,General_Jokes
I'm bored,General_Jokes
One more joke,General_Jokes
I want a joke,General_Jokes
I am getting bored,General_Jokes
Tell me a joke,General_Jokes
Can you tell me a joke?,General_Jokes
You're really frustrating,General_Negative_Feedback
I hate you,General_Negative_Feedback
I do not like you,General_Negative_Feedback
Robots are boring,General_Negative_Feedback
You are on my nerves,General_Negative_Feedback
Quit annoying me,General_Negative_Feedback
It is annoying,General_Negative_Feedback
Why are you stupid?,General_Negative_Feedback
You do not seem smart,General_Negative_Feedback
Robots are stupid,General_Negative_Feedback
Stupid,General_Negative_Feedback
You are very frustrating,General_Negative_Feedback
Hate you,General_Negative_Feedback
You are having delusions,General_Negative_Feedback
I hate this!,General_Negative_Feedback
Everyone hates you,General_Negative_Feedback
Why are you so annoying?,General_Negative_Feedback
Do not like you?,General_Negative_Feedback
You're too stupid,General_Negative_Feedback
You're really irritating,General_Negative_Feedback
This is so cool,General_Positive_Feedback
You gave me exactly what I need!,General_Positive_Feedback
I like what you did there! :),General_Positive_Feedback
You are wonderful,General_Positive_Feedback
How cool is this?,General_Positive_Feedback
Can't believe you are that good,General_Positive_Feedback
Brilliant!,General_Positive_Feedback
Ok thank you,General_Positive_Feedback
I'm looking forward to working with you again! :),General_Positive_Feedback
You the man,General_Positive_Feedback
You're a genius!,General_Positive_Feedback
You've been so helpful :),General_Positive_Feedback
Love your work,General_Positive_Feedback
This is good,General_Positive_Feedback
You are the best,General_Positive_Feedback
You are awesome,General_Positive_Feedback
Thank you,General_Positive_Feedback
This is great,General_Positive_Feedback
You are great,General_Positive_Feedback
Are you safe on hackers?,General_Security_Assurance
Why would I trust this chat?,General_Security_Assurance
Will my conversation remain secured?,General_Security_Assurance
How do I know if my card info is kept safe?,General_Security_Assurance
I'd like proof of a secure chat,General_Security_Assurance
Is my card info secure?,General_Security_Assurance
Is there a reason to distrust this chat?,General_Security_Assurance
Is my payment information secure?,General_Security_Assurance
Is this a trusted chat site?,General_Security_Assurance
Is this conversation secure?,General_Security_Assurance
Precautions hackers?,General_Security_Assurance
Are you safe?,General_Security_Assurance
Can I be sure that my stored card details are held securely?,General_Security_Assurance
Conversation secure?,General_Security_Assurance
Protection hacks?,General_Security_Assurance
Secure conversation?,General_Security_Assurance
How safe is my data?,General_Security_Assurance
How do I know this chat is not a scam?,General_Security_Assurance
Customer info secured?,General_Security_Assurance
Is this an official chat?,General_Security_Assurance
What guards do you have in place to protect your customer's data?,General_Security_Assurance
What makes this chat trustworthy?,General_Security_Assurance
Do you have protection against hacks?,General_Security_Assurance
How is my credit card info secured?,General_Security_Assurance
What safety measures are used to ensure that chat is secure?,General_Security_Assurance
In what way can I tell if my plastic is safe?,General_Security_Assurance
so long,Goodbye
good bye,Goodbye
arrivederci,Goodbye
ciao,Goodbye
bye,Goodbye
see ya,Goodbye
How many can we be in supermarket ?,grocery_questions
Should I wear a mask in supermarket ?,grocery_questions
Should I wear a mask in grocery shops ?,grocery_questions
Should I wear a glove in grocery shops?,grocery_questions
Should I wear masks in supermarkets?,grocery_questions
How to do grocery shopping?,grocery_questions
Do I need to put gloves and mask in supermarket?,grocery_questions
grocery shopping in dubai,grocery_questions
Should I wear a gloves in supermarket ?,grocery_questions
Should I wear masks in grocery shops?,grocery_questions
Do I need to put gloves and mask in grocery shops?,grocery_questions
Should I wear gloves in grocery shops?,grocery_questions
what are the measurements to take after going back home from outside?,grocery_questions
help me,Help
can you help,Help
i need assistance,Help
help me decide,Help
help,Help
what can i do,Help
can you assist me,Help
what can i say,Help
How to go out?,leaving_home
Can I go to the grocery?,leaving_home
what time should I come back home ?,leaving_home
What time can I leave home,leaving_home
I want to know about the lockdown,leaving_home
Is there a request that I need to fill so I can leave home?,leaving_home
Can I go for grocery shopping,leaving_home
Is it allowed to go to grocery?,leaving_home
What time can I leave the house,leaving_home
lock down and curfew?,leaving_home
Where can I go?,leaving_home
When can I leave home in Dubai?,leaving_home
When can I leave home in Abu Dhabi?,leaving_home
When can I leave home,leaving_home
Can I leave home?,leaving_home
Can I go out?,leaving_home
How to leave home,leaving_home
Which places am I allowed to go during corona?,leaving_home
What time does the lockdown start?,leaving_home
What time can I leave home?,leaving_home
When is the curfew?,leaving_home
Can I go to the pharmacy?,leaving_home
Can I go to the supermarket?,leaving_home
local_updates,local_updates
active uae numbers,nbr_cases
Active cases in uae,nbr_cases
active cases,nbr_cases
Cases in UAE,nbr_cases
Cases in use,nbr_cases
UAE cases,nbr_cases
UAE,nbr_cases
Number of cases in the UAE,nbr_cases
United Arab Emirates,nbr_cases
amount of cases,nbr_cases
active cases uae,nbr_cases
cases uae,nbr_cases
What are the cases in UAE,nbr_cases
how many cases in UAE,nbr_cases
How many cases in the united arab emirates,nbr_cases
How many cases in Dubai?,nbr_cases
Number of cases,nbr_cases
how many cases,nbr_cases
cases,nbr_cases
Number of cases ?,nbr_cases
How many cases ?,nbr_cases
live cases,nbr_cases
number of case in France,nbr_cases
uae cases number,nbr_cases
Are there any open shops?,open_shops
Are there any open places,open_shops
Which places are open?,open_shops
Is there anything open?,open_shops
is the bank open?,open_shops
Is everything closed?,open_shops
Are market open?,open_shops
Which markets are open?,open_shops
Which shops are open?,open_shops
Are shops open?,open_shops
other reasons,other_reasons
contract end,other_reasons
Resigned,other_reasons
None of the above,other_reasons
contract ending during covid,other_reasons
terminated,other_reasons
resignation,other_reasons
Are vet clinics closed?,pet_clinic
Can I take my dog the vet,pet_clinic
What if I need to take my pet to the vet?,pet_clinic
Are vet clinics open?,pet_clinic
Can I take my cat to the vet?,pet_clinic
Vet clinics,pet_clinic
is it ok to have pets at home ?,pets_at_home
Should I abandon my pet?,pets_at_home
Is it fine to have a cat in the house?,pets_at_home
Should I be worried from my pet?,pets_at_home
Can I get corona from my pet?,pets_at_home
Can I get the virus from my pet,pets_at_home
Is it fine to have a dog in the house?,pets_at_home
Should I be scared from pets?,pets_at_home
Should I be worried from my dog?,pets_at_home
Should I be worried from my cat?,pets_at_home
Public Transportation,public_transportation
Can I take the bus?,public_transportation
Is the metro open?,public_transportation
Which ways of transportations are available?,public_transportation
Are public buses available?,public_transportation
Can I take the tram?,public_transportation
Can I take the metro?,public_transportation
Are there any public transportations?,public_transportation
Can I take the taxi?,public_transportation
Is the tram open?,public_transportation
What about public transportation?,public_transportation
How to wear masks / gloves ?,safety_guidelines
Where should I wear masks ?,safety_guidelines
Where should I wear masks and gloves ?,safety_guidelines
How can I protect myself,safety_guidelines
what are the main safety guidelines,safety_guidelines
how to properly get rid of masks and gloves after use?,safety_guidelines
Where should I wear gloves?,safety_guidelines
what safety guidelines should I follow?,safety_guidelines
How to protect myself from Corona?,safety_guidelines
How to protect myself from Covid19?,safety_guidelines
where can i get tested,screening_locations
local_screening_info,screening_locations
where can I do screening,screening_locations
Drive Through in Abu Dhabi,screening_locations
screening centers in Abu Dhabi,screening_locations
screening information,screening_locations
Where can I do the Corona test,screening_locations
Where can I find testing centers,screening_locations
Where to take test,screening_locations
where to take a test,screening_locations
where's the nearest emergency center ?,screening_locations
where can I go get tested?,screening_locations
testing centers,screening_locations
testing location in Abu Dhabi,screening_locations
screening locations in Dubai,screening_locations
testing locations,screening_locations
screening centers,screening_locations
Do I have corona?,self_screening
My throat hurts,self_screening
I have a cough,self_screening
I'm very tired,self_screening
feeling tired,self_screening
assessement,self_screening
what should i do if have symptoms ?,self_screening
Not feeling well,self_screening
I have the chills,self_screening
I'm feeling sick,self_screening
I'm feeling cold,self_screening
How to know if I need to take the test?,self_screening
Do I need to take the corona test?,self_screening
I'm worried if have corona,self_screening
how do i know if i have symptoms ?,self_screening
I have a fever what should i do ?,self_screening
I haves aches,self_screening
check my health,self_screening
assess myself,self_screening
Do I have Covid19?,self_screening
"I'm not feeling well, I have a cough",self_screening
What is the maximum number of people inside a car,take_my_car
how many person can be in the same car?,take_my_car
my car,take_my_car
is driving allowed?,take_my_car
can I take my car?,take_my_car
are cars allowed?,take_my_car
can I drive?,take_my_car
what is the local phone number,Test_Center_Contact_Info
give me directions,Test_Center_Contact_Info
which cross streets are you on,Test_Center_Contact_Info
Where is your test center?,Test_Center_Contact_Info
I need help with find a test center,Test_Center_Contact_Info
I want to know about a test center,Test_Center_Contact_Info
What is the closest center to my address?,Test_Center_Contact_Info
Where is?,Test_Center_Contact_Info
I'd like to go to a testing center,Test_Center_Contact_Info
What is the nearest test center?,Test_Center_Contact_Info
how do I cantact my local test center?,Test_Center_Contact_Info
what is the phone number,Test_Center_Contact_Info
Looking for a location,Test_Center_Contact_Info
location please,Test_Center_Contact_Info
Find a test center,Test_Center_Contact_Info
What is the test center near my zip code?,Test_Center_Contact_Info
what's your phone number,Test_Center_Contact_Info
what is the number,Test_Center_Contact_Info
how do I call the local test center,Test_Center_Contact_Info
cost of the test,test_cost
price of corona test,test_cost
How much does the screening cost?,test_cost
What is the price of a test,test_cost
Screening price,test_cost
How much does the test cost?,test_cost
What is the process of the Corona test,test_process
How to do a corona test,test_process
How to take the test,test_process
How to do a screening test for corona,test_process
what happens during testing?,test_process
what happens during the test?,test_process
How is the screening?,test_process
How to take test,test_process
test process,test_process
How to go for screening?,test_process
I still don't have my screening results,test_results
I still don't have my test results,test_results
Test Center did not get back to me regarding my test results,test_results
test results,test_results
Where can i get my screening results ?,test_results
What about test results?,test_results
Where can I see my test results,test_results
When will I get my test results,test_results
How long does it take to get my test results,test_results
how to get my test results ?,test_results
thx,Thanks
thank you very much,Thanks
that's nice of you,Thanks
thank you,Thanks
thanks,Thanks
many thanks,Thanks
i appreciate it,Thanks
much appreciated,Thanks
do i need to stay home,Travel_Restrictions
testing travelers?,Travel_Restrictions
Are there any travel restrictions in place yet?,Travel_Restrictions
Is the airport open?,Travel_Restrictions
Do I need a doctor's note to travel?,Travel_Restrictions
Is it possible to travel?,Travel_Restrictions
When can I travel?,Travel_Restrictions
What if I urgently need to take a flight?,Travel_Restrictions
I just travelled. What do I do?,Travel_Restrictions
when airports will open again ?,Travel_Restrictions
Should I cancel my flight to Denver?,Travel_Restrictions
Can I travel?,Travel_Restrictions
Is it safe to fly to Seattle?,Travel_Restrictions
Can I leave the country?,Travel_Restrictions
tx_count,tx_count
tx_test,tx_test
who_video,who_video
